zone,n_obs,r2,coeff_pm25,coeff_pm10,coeff_urban_percentage
North,3600,0.5298,30.88024,3.19788,-5.13855
East,1440,0.5073,59.08624,-32.24313,-6.8915
Central,720,0.4262,-0.56507,18.58422,-4.26608
West,1440,0.4552,11.90866,5.9987,-6.26083
South,3600,0.4988,19.57161,-6.53445,-2.77722
